Date,Hour,Excluded,Total,Flights,Booths,AvgWtTime
5/1/2017,0000 - 0100,14,424,3,11,16
5/1/2017,0200 - 0300,3,140,1,5,6
5/1/2017,0600 - 0700,6,173,1,12,10
5/1/2017,0700 - 0800,11,340,1,12,22
5/1/2017,0800 - 0900,12,422,2,11,10
5/1/2017,0900 - 1000,17,531,3,13,40
5/1/2017,1000 - 1100,15,414,4,13,34
5/1/2017,1100 - 1200,24,693,5,20,33
5/1/2017,1200 - 1300,18,385,2,18,23
5/1/2017,1300 - 1400,96,2104,10,24,20
5/1/2017,1400 - 1500,76,1790,8,22,21
5/1/2017,1500 - 1600,47,1247,7,28,26
5/1/2017,1600 - 1700,37,1107,5,23,18
5/1/2017,1700 - 1800,38,1089,6,19,11
5/1/2017,1800 - 1900,40,1203,7,19,11
5/1/2017,1900 - 2000,35,973,5,20,17
5/1/2017,2000 - 2100,20,494,2,18,12
5/1/2017,2300 - 0000,10,231,2,8,8
5/2/2017,0000 - 0100,15,319,2,9,19
5/2/2017,0600 - 0700,6,161,1,11,5
5/2/2017,0700 - 0800,14,341,2,13,19
5/2/2017,0800 - 0900,15,370,2,10,11
5/2/2017,0900 - 1000,19,447,2,13,36
5/2/2017,1000 - 1100,18,385,4,12,16
5/2/2017,1100 - 1200,11,407,3,14,9
5/2/2017,1300 - 1400,72,1898,10,30,13
5/2/2017,1400 - 1500,63,1504,8,25,12
5/2/2017,1500 - 1600,68,1569,8,29,19
5/2/2017,1600 - 1700,40,762,4,21,18
5/2/2017,1700 - 1800,61,1189,7,22,13
5/2/2017,1800 - 1900,32,992,6,25,11
5/2/2017,1900 - 2000,19,684,3,21,7
5/2/2017,2000 - 2100,13,357,2,10,14
5/2/2017,2300 - 0000,17,319,2,9,15
5/3/2017,0000 - 0100,16,400,3,10,16
5/3/2017,0600 - 0700,4,157,1,13,6
5/3/2017,0700 - 0800,15,334,1,13,22
5/3/2017,0800 - 0900,7,223,1,10,10
5/3/2017,0900 - 1000,61,899,5,14,34
5/3/2017,1000 - 1100,13,233,3,13,27
5/3/2017,1100 - 1200,19,456,3,17,20
5/3/2017,1200 - 1300,16,471,4,18,16
5/3/2017,1300 - 1400,82,1618,8,22,15
5/3/2017,1400 - 1500,88,1790,10,25,15
5/3/2017,1500 - 1600,46,1544,8,20,20
5/3/2017,1600 - 1700,8,250,2,19,17
5/3/2017,1700 - 1800,90,1648,11,19,12
5/3/2017,1800 - 1900,39,1059,6,11,12
5/3/2017,1900 - 2000,37,1090,6,17,13
5/3/2017,2000 - 2100,9,232,1,9,33
5/3/2017,2200 - 2300,13,267,2,7,25
5/4/2017,0000 - 0100,18,414,3,10,26
5/4/2017,0700 - 0800,5,218,1,14,6
5/4/2017,0800 - 0900,6,202,1,13,8
5/4/2017,0900 - 1000,15,521,3,14,16
5/4/2017,1000 - 1100,28,620,5,11,12
5/4/2017,1100 - 1200,11,327,2,22,16
5/4/2017,1200 - 1300,78,1182,6,27,13
5/4/2017,1300 - 1400,38,1151,6,28,17
5/4/2017,1400 - 1500,89,1733,10,22,15
5/4/2017,1500 - 1600,111,2147,11,31,31
5/4/2017,1600 - 1700,20,539,3,18,22
5/4/2017,1700 - 1800,40,1239,8,22,13
5/4/2017,1800 - 1900,42,1037,6,24,14
5/4/2017,1900 - 2000,42,1102,7,24,13
5/4/2017,2200 - 2300,5,135,1,7,23
5/4/2017,2300 - 0000,6,134,1,9,10
5/5/2017,0000 - 0100,14,250,2,8,17
5/5/2017,0100 - 0200,7,149,1,9,10
5/5/2017,0500 - 0600,4,153,1,8,14
5/5/2017,0600 - 0700,5,268,1,16,7
5/5/2017,0700 - 0800,9,343,1,16,20
5/5/2017,0800 - 0900,13,436,2,14,7
5/5/2017,0900 - 1000,13,253,1,13,10
5/5/2017,1000 - 1100,29,677,5,13,7
5/5/2017,1100 - 1200,25,669,3,14,18
5/5/2017,1200 - 1300,75,1627,9,29,19
5/5/2017,1300 - 1400,45,984,4,24,11
5/5/2017,1400 - 1500,86,2215,10,26,23
5/5/2017,1500 - 1600,71,1976,9,31,43
5/5/2017,1600 - 1700,26,623,4,22,20
5/5/2017,1700 - 1800,39,1160,6,22,17
5/5/2017,1800 - 1900,41,879,5,18,10
5/5/2017,1900 - 2000,46,1383,6,27,17
5/5/2017,2100 - 2200,9,284,1,11,22
5/5/2017,2300 - 0000,10,241,2,8,14
5/6/2017,0000 - 0100,7,254,2,6,20
5/6/2017,0100 - 0200,3,115,1,6,32
5/6/2017,0400 - 0500,4,159,1,7,5
5/6/2017,0500 - 0600,4,144,1,7,11
5/6/2017,0600 - 0700,8,250,1,12,11
5/6/2017,0700 - 0800,10,325,1,10,23
5/6/2017,0800 - 0900,6,202,1,8,9
5/6/2017,0900 - 1000,21,620,3,10,20
5/6/2017,1000 - 1100,24,581,4,11,18
5/6/2017,1100 - 1200,17,524,3,12,12
5/6/2017,1200 - 1300,38,1065,5,32,14
5/6/2017,1300 - 1400,66,2132,9,29,13
5/6/2017,1400 - 1500,46,1259,7,28,14
5/6/2017,1500 - 1600,69,1891,10,32,15
5/6/2017,1600 - 1700,41,1057,6,28,15
5/6/2017,1700 - 1800,74,1978,10,34,13
5/6/2017,1800 - 1900,83,2118,12,23,14
5/6/2017,1900 - 2000,43,1036,5,20,10
5/6/2017,2300 - 0000,13,410,3,9,13
5/7/2017,0000 - 0100,5,140,1,11,15
5/7/2017,0100 - 0200,5,176,1,10,11
5/7/2017,0300 - 0400,3,84,1,7,12
5/7/2017,0400 - 0500,3,95,1,6,9
5/7/2017,0500 - 0600,5,145,1,11,10
5/7/2017,0600 - 0700,6,265,1,12,10
5/7/2017,0700 - 0800,11,338,1,15,25
5/7/2017,0800 - 0900,6,225,1,7,11
5/7/2017,0900 - 1000,31,723,4,10,22
5/7/2017,1000 - 1100,17,494,4,10,21
5/7/2017,1100 - 1200,5,209,1,9,10
5/7/2017,1200 - 1300,34,1040,5,29,13
5/7/2017,1300 - 1400,95,2519,11,31,14
5/7/2017,1400 - 1500,59,1633,9,31,16
5/7/2017,1500 - 1600,44,1091,5,32,20
5/7/2017,1600 - 1700,39,1006,5,32,18
5/7/2017,1700 - 1800,54,1285,8,20,12
5/7/2017,1800 - 1900,50,1473,7,25,12
5/7/2017,1900 - 2000,57,1522,7,28,11
5/7/2017,2000 - 2100,17,476,2,11,8
5/7/2017,2200 - 2300,7,146,1,10,7
5/7/2017,2300 - 0000,7,149,1,11,10
5/8/2017,0000 - 0100,6,273,2,11,6
5/8/2017,0100 - 0200,4,153,1,10,9
5/8/2017,0400 - 0500,3,81,1,4,2
5/8/2017,0600 - 0700,5,200,1,10,10
5/8/2017,0700 - 0800,9,327,1,13,22
5/8/2017,0800 - 0900,7,214,1,10,14
5/8/2017,0900 - 1000,36,1057,7,12,20
5/8/2017,1000 - 1100,9,182,3,11,18
5/8/2017,1100 - 1200,18,394,3,13,18
5/8/2017,1200 - 1300,32,952,5,21,11
5/8/2017,1300 - 1400,80,2294,11,30,21
5/8/2017,1400 - 1500,71,1749,9,35,17
5/8/2017,1500 - 1600,35,1137,6,30,18
5/8/2017,1600 - 1700,24,627,4,22,17
5/8/2017,1700 - 1800,41,1078,6,21,10
5/8/2017,1800 - 1900,65,1676,9,19,15
5/8/2017,1900 - 2000,27,801,4,16,21
5/8/2017,2200 - 2300,7,138,1,8,7
5/9/2017,0000 - 0100,10,387,3,8,20
5/9/2017,0500 - 0600,3,77,1,3,1
5/9/2017,0700 - 0800,19,589,2,12,32
5/9/2017,0800 - 0900,13,447,2,12,26
5/9/2017,0900 - 1000,25,682,4,12,29
5/9/2017,1000 - 1100,9,188,3,10,16
5/9/2017,1100 - 1200,17,482,3,18,14
5/9/2017,1200 - 1300,22,610,3,23,9
5/9/2017,1300 - 1400,79,2220,12,25,14
5/9/2017,1400 - 1500,81,1093,5,26,22
5/9/2017,1500 - 1600,66,1697,9,21,19
5/9/2017,1600 - 1700,28,824,5,24,16
5/9/2017,1700 - 1800,55,1220,6,24,13
5/9/2017,1800 - 1900,27,772,4,18,7
5/9/2017,1900 - 2000,30,995,5,19,15
5/9/2017,2000 - 2100,9,265,1,20,7
5/9/2017,2200 - 2300,3,131,1,8,7
5/9/2017,2300 - 0000,6,175,2,8,10
5/10/2017,0000 - 0100,16,300,2,10,17
5/10/2017,0400 - 0500,2,58,1,5,9
5/10/2017,0600 - 0700,22,485,2,12,20
5/10/2017,0800 - 0900,9,389,2,9,9
5/10/2017,0900 - 1000,26,756,5,10,34
5/10/2017,1000 - 1100,8,194,2,7,22
5/10/2017,1100 - 1200,27,655,5,20,29
5/10/2017,1200 - 1300,22,669,4,24,13
5/10/2017,1300 - 1400,54,1608,7,28,15
5/10/2017,1400 - 1500,52,1571,10,25,11
5/10/2017,1500 - 1600,42,1148,6,30,21
5/10/2017,1600 - 1700,26,812,4,26,19
5/10/2017,1700 - 1800,95,1487,8,26,26
5/10/2017,1800 - 1900,32,854,5,18,24
5/10/2017,1900 - 2000,29,687,4,13,32
5/10/2017,2000 - 2100,29,755,3,17,24
5/10/2017,2100 - 2200,5,227,1,14,10
5/10/2017,2300 - 0000,9,184,2,11,8
5/11/2017,0000 - 0100,5,87,1,8,12
5/11/2017,0100 - 0200,8,144,1,9,12
5/11/2017,0400 - 0500,4,99,1,3,3
5/11/2017,0600 - 0700,16,499,3,9,43
5/11/2017,0800 - 0900,4,206,1,8,15
5/11/2017,0900 - 1000,45,1138,7,11,41
5/11/2017,1000 - 1100,12,132,1,12,40
5/11/2017,1100 - 1200,31,565,4,21,28
5/11/2017,1200 - 1300,46,489,2,16,15
5/11/2017,1300 - 1400,76,2110,12,26,18
5/11/2017,1400 - 1500,83,1768,9,36,22
5/11/2017,1500 - 1600,68,1315,6,32,24
5/11/2017,1600 - 1700,23,641,4,32,13
5/11/2017,1700 - 1800,58,1185,6,28,11
5/11/2017,1800 - 1900,33,894,6,21,8
5/11/2017,1900 - 2000,51,1460,7,25,15
5/11/2017,2100 - 2200,5,174,1,7,8
5/11/2017,2300 - 0000,23,384,3,9,16
5/12/2017,0000 - 0100,10,233,2,9,29
5/12/2017,0400 - 0500,4,143,1,7,4
5/12/2017,0500 - 0600,4,151,1,7,21
5/12/2017,0600 - 0700,17,507,2,10,25
5/12/2017,0800 - 0900,9,339,2,12,5
5/12/2017,0900 - 1000,37,792,5,12,21
5/12/2017,1000 - 1100,20,495,3,11,31
5/12/2017,1100 - 1200,24,496,3,18,23
5/12/2017,1200 - 1300,41,1132,5,26,19
5/12/2017,1300 - 1400,67,1527,7,27,15
5/12/2017,1400 - 1500,77,1875,10,28,27
5/12/2017,1500 - 1600,70,1736,8,30,22
5/12/2017,1600 - 1700,25,644,4,21,11
5/12/2017,1700 - 1800,73,1496,8,21,14
5/12/2017,1800 - 1900,54,1174,6,11,18
5/12/2017,1900 - 2000,32,787,4,18,19
5/12/2017,2000 - 2100,15,399,2,19,16
5/12/2017,2200 - 2300,15,256,2,6,34
5/13/2017,0000 - 0100,19,418,3,7,52
5/13/2017,0400 - 0500,8,276,2,7,14
5/13/2017,0600 - 0700,25,592,2,10,29
5/13/2017,0900 - 1000,61,1508,7,10,33
5/13/2017,1000 - 1100,10,271,2,15,34
5/13/2017,1100 - 1200,16,396,2,18,28
5/13/2017,1200 - 1300,59,1421,7,33,16
5/13/2017,1300 - 1400,67,1863,8,33,24
5/13/2017,1400 - 1500,97,2193,9,37,19
5/13/2017,1500 - 1600,68,1717,9,35,13
5/13/2017,1600 - 1700,45,1304,6,29,10
5/13/2017,1700 - 1800,84,1907,11,26,13
5/13/2017,1800 - 1900,84,2228,11,25,18
5/13/2017,1900 - 2000,36,924,4,27,11
5/13/2017,2100 - 2200,1,189,1,10,11
5/13/2017,2200 - 2300,6,151,1,9,11
5/13/2017,2300 - 0000,13,459,3,10,19
5/14/2017,0000 - 0100,5,179,1,10,25
5/14/2017,0300 - 0400,4,110,1,4,22
5/14/2017,0400 - 0500,5,132,1,9,4
5/14/2017,0500 - 0600,5,147,1,9,9
5/14/2017,0600 - 0700,16,601,2,12,25
5/14/2017,0800 - 0900,7,242,1,9,10
5/14/2017,0900 - 1000,46,1100,5,14,30
5/14/2017,1000 - 1100,19,378,3,13,29
5/14/2017,1100 - 1200,19,635,3,19,10
5/14/2017,1200 - 1300,23,791,3,30,11
5/14/2017,1300 - 1400,40,1004,5,32,8
5/14/2017,1400 - 1500,124,3201,13,31,20
5/14/2017,1500 - 1600,64,1777,8,29,27
5/14/2017,1600 - 1700,16,316,2,13,17
5/14/2017,1700 - 1800,49,1264,7,26,14
5/14/2017,1800 - 1900,90,2300,11,28,18
5/14/2017,1900 - 2000,33,740,3,20,13
5/14/2017,2000 - 2100,17,585,3,20,14
5/14/2017,2200 - 2300,13,281,2,9,15
5/15/2017,0000 - 0100,16,435,3,12,5
5/15/2017,0400 - 0500,3,69,1,2,22
5/15/2017,0600 - 0700,9,197,1,11,14
5/15/2017,0700 - 0800,9,325,1,11,42
5/15/2017,0800 - 0900,5,224,1,9,9
5/15/2017,0900 - 1000,29,801,4,11,20
5/15/2017,1000 - 1100,17,357,3,14,33
5/15/2017,1100 - 1200,33,770,5,21,34
5/15/2017,1200 - 1300,31,942,5,32,10
5/15/2017,1300 - 1400,60,1701,8,32,13
5/15/2017,1400 - 1500,65,1700,8,35,13
5/15/2017,1500 - 1600,53,1777,9,27,17
5/15/2017,1600 - 1700,18,629,3,23,10
5/15/2017,1700 - 1800,35,1134,7,22,13
5/15/2017,1800 - 1900,22,586,3,26,12
5/15/2017,1900 - 2000,80,2176,10,28,19
5/15/2017,2000 - 2100,6,180,1,20,16
5/15/2017,2300 - 0000,8,140,1,11,6
5/16/2017,0000 - 0100,14,431,3,12,10
5/16/2017,0500 - 0600,1,66,1,8,1
5/16/2017,0700 - 0800,15,484,2,15,25
5/16/2017,0800 - 0900,7,202,1,11,7
5/16/2017,0900 - 1000,31,832,5,11,20
5/16/2017,1000 - 1100,9,230,3,8,26
5/16/2017,1100 - 1200,9,261,2,9,14
5/16/2017,1200 - 1300,7,163,1,24,9
5/16/2017,1300 - 1400,137,2785,16,28,16
5/16/2017,1400 - 1500,70,1310,7,27,16
5/16/2017,1500 - 1600,55,891,5,25,16
5/16/2017,1600 - 1700,40,1021,6,21,12
5/16/2017,1700 - 1800,18,625,4,22,7
5/16/2017,1800 - 1900,72,1393,7,32,12
5/16/2017,1900 - 2000,30,883,5,25,9
5/16/2017,2000 - 2100,6,191,1,9,8
5/16/2017,2200 - 2300,4,143,1,8,7
5/16/2017,2300 - 0000,9,250,2,9,10
5/17/2017,0000 - 0100,8,334,2,9,14
5/17/2017,0400 - 0500,1,93,1,9,1
5/17/2017,0600 - 0700,5,149,1,14,5
5/17/2017,0800 - 0900,25,727,3,12,19
5/17/2017,0900 - 1000,11,284,3,12,10
5/17/2017,1000 - 1100,15,457,3,14,12
5/17/2017,1100 - 1200,28,665,5,18,20
5/17/2017,1200 - 1300,11,218,2,14,6
5/17/2017,1300 - 1400,82,1973,10,34,14
5/17/2017,1400 - 1500,98,1530,8,29,11
5/17/2017,1500 - 1600,54,1201,7,28,15
5/17/2017,1600 - 1700,60,1179,6,25,18
5/17/2017,1700 - 1800,45,1031,7,23,14
5/17/2017,1800 - 1900,64,703,4,23,14
5/17/2017,1900 - 2000,56,1590,8,21,17
5/17/2017,2100 - 2200,8,228,1,6,13
5/17/2017,2200 - 2300,6,145,1,9,7
5/18/2017,0100 - 0200,8,153,1,9,13
5/18/2017,0300 - 0400,6,176,1,9,11
5/18/2017,0400 - 0500,6,105,1,6,10
5/18/2017,0500 - 0600,6,181,1,7,5
5/18/2017,0600 - 0700,5,182,1,9,12
5/18/2017,0800 - 0900,14,490,2,7,50
5/18/2017,0900 - 1000,14,447,2,10,69
5/18/2017,1000 - 1100,49,672,5,15,36
5/18/2017,1100 - 1200,28,685,4,22,29
5/18/2017,1200 - 1300,32,505,2,22,17
5/18/2017,1300 - 1400,89,1673,10,24,21
5/18/2017,1400 - 1500,97,2204,11,24,30
5/18/2017,1500 - 1600,52,1084,5,23,36
5/18/2017,1600 - 1700,28,802,5,22,18
5/18/2017,1700 - 1800,61,1297,7,23,19
5/18/2017,1800 - 1900,56,1408,8,21,13
5/18/2017,1900 - 2000,44,1263,6,18,20
5/18/2017,2300 - 0000,12,251,2,8,13
5/19/2017,0000 - 0100,17,450,3,9,20
5/19/2017,0400 - 0500,7,175,1,2,6
5/19/2017,0500 - 0600,5,155,1,5,26
5/19/2017,0700 - 0800,9,268,1,10,11
5/19/2017,0800 - 0900,10,317,1,9,36
5/19/2017,0900 - 1000,27,777,4,14,37
5/19/2017,1000 - 1100,34,660,4,13,31
5/19/2017,1100 - 1200,22,609,4,26,29
5/19/2017,1200 - 1300,26,559,3,25,20
5/19/2017,1300 - 1400,79,2171,10,26,11
5/19/2017,1400 - 1500,75,1680,7,27,16
5/19/2017,1500 - 1600,72,1748,8,32,17
5/19/2017,1600 - 1700,29,848,4,31,20
5/19/2017,1700 - 1800,43,997,4,27,13
5/19/2017,1800 - 1900,36,870,5,17,9
5/19/2017,1900 - 2000,68,1591,7,20,12
5/19/2017,2000 - 2100,32,1061,5,17,24
5/19/2017,2200 - 2300,5,88,1,11,8
5/19/2017,2300 - 0000,12,234,2,12,8
5/20/2017,0000 - 0100,17,328,2,12,10
5/20/2017,0400 - 0500,5,169,1,8,6
5/20/2017,0500 - 0600,5,147,1,8,10
5/20/2017,0600 - 0700,7,261,1,13,10
5/20/2017,0800 - 0900,17,546,2,13,21
5/20/2017,0900 - 1000,23,627,3,13,19
5/20/2017,1000 - 1100,38,867,4,14,17
5/20/2017,1100 - 1200,12,324,2,23,28
5/20/2017,1200 - 1300,36,725,3,26,10
5/20/2017,1300 - 1400,80,2397,12,30,17
5/20/2017,1400 - 1500,95,2244,9,29,20
5/20/2017,1500 - 1600,94,2134,10,31,28
5/20/2017,1600 - 1700,22,726,4,29,12
5/20/2017,1700 - 1800,77,2002,10,22,18
5/20/2017,1800 - 1900,81,1865,10,24,18
5/20/2017,1900 - 2000,37,1102,5,18,13
5/20/2017,2000 - 2100,8,152,1,10,12
5/20/2017,2100 - 2200,3,124,1,9,10
5/20/2017,2200 - 2300,10,315,2,9,10
5/20/2017,2300 - 0000,8,285,2,9,27
5/21/2017,0000 - 0100,4,185,1,11,30
5/21/2017,0300 - 0400,3,84,1,5,12
5/21/2017,0400 - 0500,5,175,1,9,7
5/21/2017,0500 - 0600,5,150,1,11,5
5/21/2017,0600 - 0700,6,248,1,17,7
5/21/2017,0700 - 0800,9,334,1,13,17
5/21/2017,0800 - 0900,9,232,1,12,9
5/21/2017,0900 - 1000,29,928,5,13,15
5/21/2017,1000 - 1100,20,545,3,13,12
5/21/2017,1100 - 1200,16,451,2,14,6
5/21/2017,1200 - 1300,33,953,4,36,22
5/21/2017,1300 - 1400,94,2285,12,34,14
5/21/2017,1400 - 1500,65,1739,7,32,19
5/21/2017,1500 - 1600,54,1382,7,28,11
5/21/2017,1600 - 1700,50,1207,6,25,12
5/21/2017,1700 - 1800,36,1009,5,25,8
5/21/2017,1800 - 1900,81,2210,10,23,12
5/21/2017,1900 - 2000,45,1347,6,25,17
5/21/2017,2000 - 2100,8,191,1,12,9
5/21/2017,2300 - 0000,12,290,2,10,13
5/22/2017,0000 - 0100,17,415,4,11,9
5/22/2017,0500 - 0600,1,92,1,4,3
5/22/2017,0600 - 0700,5,135,1,12,5
5/22/2017,0800 - 0900,20,750,3,11,19
5/22/2017,0900 - 1000,22,637,4,11,21
5/22/2017,1000 - 1100,17,460,4,12,19
5/22/2017,1100 - 1200,13,271,2,12,17
5/22/2017,1200 - 1300,48,1342,7,28,18
5/22/2017,1300 - 1400,64,1836,9,28,13
5/22/2017,1400 - 1500,71,1815,9,30,15
5/22/2017,1500 - 1600,65,1754,9,30,13
5/22/2017,1600 - 1700,23,462,3,26,11
5/22/2017,1700 - 1800,34,1007,5,28,10
5/22/2017,1800 - 1900,56,1545,8,23,10
5/22/2017,1900 - 2000,39,1133,5,23,11
5/22/2017,2200 - 2300,7,146,1,8,8
5/22/2017,2300 - 0000,4,112,1,9,7
5/23/2017,0000 - 0100,10,334,2,10,10
5/23/2017,0500 - 0600,5,137,1,6,4
5/23/2017,0700 - 0800,16,491,2,10,24
5/23/2017,0800 - 0900,13,382,2,9,7
5/23/2017,0900 - 1000,18,538,3,10,18
5/23/2017,1000 - 1100,13,270,3,9,19
5/23/2017,1100 - 1200,39,641,4,19,10
5/23/2017,1300 - 1400,70,1844,11,28,9
5/23/2017,1400 - 1500,111,2141,10,23,17
5/23/2017,1500 - 1600,67,1596,9,26,21
5/23/2017,1600 - 1700,16,582,3,19,19
5/23/2017,1700 - 1800,35,941,5,27,14
5/23/2017,1800 - 1900,54,1159,6,24,7
5/23/2017,1900 - 2000,20,505,3,14,11
5/23/2017,2000 - 2100,22,632,3,22,10
5/23/2017,2200 - 2300,6,125,1,8,7
5/23/2017,2300 - 0000,8,313,3,10,9
5/24/2017,0000 - 0100,6,182,1,8,6
5/24/2017,0400 - 0500,2,142,1,6,5
5/24/2017,0600 - 0700,2,74,1,10,2
5/24/2017,0700 - 0800,17,329,1,11,25
5/24/2017,0800 - 0900,21,357,2,11,5
5/24/2017,0900 - 1000,9,203,1,11,11
5/24/2017,1000 - 1100,22,681,5,11,14
5/24/2017,1100 - 1200,37,849,5,23,24
5/24/2017,1200 - 1300,13,326,2,23,15
5/24/2017,1300 - 1400,49,1209,7,28,11
5/24/2017,1400 - 1500,114,1859,9,27,13
5/24/2017,1500 - 1600,95,1849,9,28,18
5/24/2017,1600 - 1700,38,908,6,24,16
5/24/2017,1700 - 1800,65,795,4,25,9
5/24/2017,1800 - 1900,63,1594,8,21,12
5/24/2017,1900 - 2000,51,1338,7,16,14
5/24/2017,2000 - 2100,5,208,1,7,15
5/24/2017,2300 - 0000,6,138,1,11,8
5/25/2017,0000 - 0100,11,251,2,9,16
5/25/2017,0100 - 0200,5,159,1,9,17
5/25/2017,0400 - 0500,6,176,1,9,6
5/25/2017,0600 - 0700,6,146,1,10,5
5/25/2017,0700 - 0800,17,319,1,13,29
5/25/2017,0800 - 0900,15,360,2,13,10
5/25/2017,0900 - 1000,26,642,3,11,26
5/25/2017,1000 - 1100,21,447,3,13,21
5/25/2017,1100 - 1200,30,849,5,25,20
5/25/2017,1200 - 1300,49,726,3,28,15
5/25/2017,1300 - 1400,70,1894,9,31,11
5/25/2017,1400 - 1500,77,2077,10,26,13
5/25/2017,1500 - 1600,82,1641,7,27,18
5/25/2017,1600 - 1700,30,633,4,20,20
5/25/2017,1700 - 1800,57,1517,8,27,8
5/25/2017,1800 - 1900,55,1308,6,20,16
5/25/2017,1900 - 2000,47,1265,6,21,18
5/25/2017,2000 - 2100,5,222,1,18,10
5/25/2017,2300 - 0000,11,222,2,8,10
5/26/2017,0000 - 0100,10,259,2,9,16
5/26/2017,0100 - 0200,5,137,1,8,18
5/26/2017,0400 - 0500,4,142,1,6,4
5/26/2017,0500 - 0600,3,140,1,9,27
5/26/2017,0600 - 0700,7,191,1,12,4
5/26/2017,0700 - 0800,9,329,1,13,24
5/26/2017,0900 - 1000,43,1101,6,13,9
5/26/2017,1000 - 1100,20,701,4,15,28
5/26/2017,1100 - 1200,17,467,3,21,14
5/26/2017,1200 - 1300,31,787,5,25,15
5/26/2017,1300 - 1400,56,1796,8,35,9
5/26/2017,1400 - 1500,81,1911,9,33,14
5/26/2017,1500 - 1600,31,792,4,22,11
5/26/2017,1600 - 1700,35,881,5,29,11
5/26/2017,1700 - 1800,47,1263,7,27,11
5/26/2017,1800 - 1900,55,1368,8,17,13
5/26/2017,1900 - 2000,38,999,5,15,22
5/26/2017,2000 - 2100,15,492,2,11,21
5/26/2017,2200 - 2300,5,99,1,11,9
5/26/2017,2300 - 0000,10,237,2,11,14
5/27/2017,0000 - 0100,11,290,2,9,16
5/27/2017,0400 - 0500,4,102,1,5,5
5/27/2017,0500 - 0600,5,144,1,9,12
5/27/2017,0600 - 0700,19,549,2,12,30
5/27/2017,0800 - 0900,10,368,2,12,5
5/27/2017,0900 - 1000,29,824,4,13,36
5/27/2017,1000 - 1100,14,434,3,14,47
5/27/2017,1100 - 1200,45,1148,7,27,37
5/27/2017,1200 - 1300,29,666,3,21,20
5/27/2017,1300 - 1400,58,1536,8,29,15
5/27/2017,1400 - 1500,85,2186,10,32,17
5/27/2017,1500 - 1600,37,1057,7,21,14
5/27/2017,1600 - 1700,58,1644,9,29,10
5/27/2017,1700 - 1800,53,1534,8,21,12
5/27/2017,1800 - 1900,49,1461,10,14,12
5/27/2017,1900 - 2000,41,1125,6,20,12
5/27/2017,2200 - 2300,5,118,1,9,8
5/27/2017,2300 - 0000,5,235,2,9,15
5/28/2017,0000 - 0100,13,311,2,10,14
5/28/2017,0300 - 0400,2,63,1,4,12
5/28/2017,0400 - 0500,5,162,1,8,5
5/28/2017,0500 - 0600,4,117,1,9,8
5/28/2017,0600 - 0700,6,184,1,12,14
5/28/2017,0700 - 0800,10,326,1,13,37
5/28/2017,0800 - 0900,6,184,1,11,5
5/28/2017,0900 - 1000,38,1025,6,16,24
5/28/2017,1000 - 1100,18,390,2,11,17
5/28/2017,1100 - 1200,29,770,4,17,19
5/28/2017,1200 - 1300,38,905,4,29,16
5/28/2017,1300 - 1400,68,1675,8,25,14
5/28/2017,1400 - 1500,102,2236,10,31,13
5/28/2017,1500 - 1600,48,1526,8,24,13
5/28/2017,1600 - 1700,35,812,4,25,15
5/28/2017,1700 - 1800,58,1368,7,21,10
5/28/2017,1800 - 1900,40,1248,7,18,11
5/28/2017,1900 - 2000,49,1503,8,16,11
5/28/2017,2000 - 2100,20,459,2,14,9
5/28/2017,2300 - 0000,11,274,2,6,12
5/29/2017,0000 - 0100,13,434,3,9,27
5/29/2017,0400 - 0500,4,157,1,5,6
5/29/2017,0600 - 0700,10,339,1,14,26
5/29/2017,0700 - 0800,2,132,1,13,13
5/29/2017,0800 - 0900,10,252,1,12,7
5/29/2017,0900 - 1000,35,1017,5,18,18
5/29/2017,1000 - 1100,29,665,4,14,20
5/29/2017,1100 - 1200,27,732,4,21,12
5/29/2017,1200 - 1300,17,531,3,17,7
5/29/2017,1300 - 1400,101,2241,9,29,17
5/29/2017,1400 - 1500,114,2440,10,27,16
5/29/2017,1500 - 1600,68,1787,8,26,20
5/29/2017,1600 - 1700,35,984,5,22,20
5/29/2017,1700 - 1800,53,1446,7,20,10
5/29/2017,1800 - 1900,45,1114,5,16,9
5/29/2017,1900 - 2000,54,1542,6,19,16
5/29/2017,2000 - 2100,13,420,2,15,9
5/29/2017,2300 - 0000,8,292,2,8,6
5/30/2017,0000 - 0100,5,151,1,7,22
5/30/2017,0100 - 0200,8,185,1,7,9
5/30/2017,0400 - 0500,7,148,1,6,5
5/30/2017,0700 - 0800,7,168,1,11,4
5/30/2017,0800 - 0900,16,546,2,11,19
5/30/2017,0900 - 1000,27,749,4,12,35
5/30/2017,1000 - 1100,26,599,4,12,22
5/30/2017,1100 - 1200,50,795,4,21,17
5/30/2017,1200 - 1300,29,318,1,30,13
5/30/2017,1300 - 1400,119,2577,11,30,12
5/30/2017,1400 - 1500,123,2097,10,33,20
5/30/2017,1500 - 1600,63,1782,10,26,21
5/30/2017,1600 - 1700,6,164,1,10,21
5/30/2017,1700 - 1800,85,1661,8,26,9
5/30/2017,1800 - 1900,42,929,5,19,12
5/30/2017,1900 - 2000,37,1110,5,18,12
5/30/2017,2000 - 2100,5,154,1,6,11
5/30/2017,2200 - 2300,6,145,1,9,5
5/30/2017,2300 - 0000,16,313,2,7,11
5/31/2017,0000 - 0100,10,181,1,7,10
5/31/2017,0400 - 0500,3,133,1,4,7
5/31/2017,0600 - 0700,5,208,1,11,7
5/31/2017,0700 - 0800,10,315,1,13,22
5/31/2017,0800 - 0900,8,247,1,12,7
5/31/2017,0900 - 1000,15,631,3,12,10
5/31/2017,1000 - 1100,27,694,4,10,11
5/31/2017,1100 - 1200,14,380,2,12,9
5/31/2017,1200 - 1300,31,965,6,24,8
5/31/2017,1300 - 1400,103,2853,12,27,17
5/31/2017,1400 - 1500,86,2168,10,23,27
5/31/2017,1500 - 1600,41,1174,6,22,25
5/31/2017,1600 - 1700,19,473,3,18,14
5/31/2017,1700 - 1800,40,1119,6,27,9
5/31/2017,1800 - 1900,48,1596,8,23,12
5/31/2017,1900 - 2000,45,1342,5,21,15
5/31/2017,2000 - 2100,7,219,1,10,13
5/31/2017,2200 - 2300,9,155,1,11,9
5/31/2017,2300 - 0000,3,120,1,7,11
6/1/2017,0000 - 0100,19,333,2,11,13
6/1/2017,0100 - 0200,3,117,1,12,12
6/1/2017,0400 - 0500,6,160,1,7,6
6/1/2017,0600 - 0700,11,264,1,11,17
6/1/2017,0700 - 0800,10,329,1,11,39
6/1/2017,0800 - 0900,8,238,1,10,7
6/1/2017,0900 - 1000,36,1283,7,16,30
6/1/2017,1000 - 1100,12,315,2,15,26
6/1/2017,1100 - 1200,22,546,3,24,28
6/1/2017,1200 - 1300,38,1313,6,24,13
6/1/2017,1300 - 1400,90,2539,12,30,22
6/1/2017,1400 - 1500,55,1497,7,22,39
6/1/2017,1500 - 1600,74,2081,9,26,41
6/1/2017,1600 - 1700,41,1217,6,29,48
6/1/2017,1700 - 1800,45,1338,7,23,37
6/1/2017,1800 - 1900,57,1696,8,30,53
6/1/2017,1900 - 2000,42,1278,6,25,63
6/1/2017,2000 - 2100,12,441,2,17,51
6/1/2017,2200 - 2300,5,129,1,10,11
6/1/2017,2300 - 0000,13,384,3,10,14
6/2/2017,0000 - 0100,2,151,1,10,12
6/2/2017,0400 - 0500,4,132,1,3,6
6/2/2017,0500 - 0600,6,130,1,10,10
6/2/2017,0600 - 0700,19,586,2,16,24
6/2/2017,0800 - 0900,11,477,2,10,13
6/2/2017,0900 - 1000,34,854,5,11,21
6/2/2017,1000 - 1100,22,497,3,12,22
6/2/2017,1100 - 1200,32,1042,6,24,37
6/2/2017,1200 - 1300,44,1330,6,25,28
6/2/2017,1300 - 1400,82,2084,10,22,28
6/2/2017,1400 - 1500,83,1747,8,26,40
6/2/2017,1500 - 1600,54,1278,6,24,37
6/2/2017,1600 - 1700,28,758,4,31,29
6/2/2017,1700 - 1800,47,1380,7,30,17
6/2/2017,1800 - 1900,33,852,4,23,15
6/2/2017,1900 - 2000,71,1924,8,20,24
6/2/2017,2100 - 2200,7,149,1,7,11
6/2/2017,2200 - 2300,6,117,1,10,7
6/2/2017,2300 - 0000,9,220,2,10,6
6/3/2017,0000 - 0100,7,142,1,8,11
6/3/2017,0400 - 0500,12,273,2,6,9
6/3/2017,0600 - 0700,16,571,2,14,44
6/3/2017,0800 - 0900,15,467,2,12,8
6/3/2017,0900 - 1000,29,831,4,12,13
6/3/2017,1000 - 1100,12,246,2,12,24
6/3/2017,1100 - 1200,53,1343,7,23,36
6/3/2017,1200 - 1300,46,1100,5,21,21
6/3/2017,1300 - 1400,107,2172,10,31,25
6/3/2017,1400 - 1500,63,1249,6,32,27
6/3/2017,1500 - 1600,99,2330,11,28,22
6/3/2017,1600 - 1700,60,1575,9,25,24
6/3/2017,1700 - 1800,68,1685,9,28,15
6/3/2017,1800 - 1900,64,1395,7,20,15
6/3/2017,1900 - 2000,54,1306,7,22,13
6/3/2017,2000 - 2100,8,316,2,10,14
6/3/2017,2100 - 2200,10,267,1,8,7
6/3/2017,2200 - 2300,6,131,1,5,14
6/3/2017,2300 - 0000,9,278,2,10,11
6/4/2017,0000 - 0100,3,136,1,8,10
6/4/2017,0400 - 0500,3,126,1,9,19
6/4/2017,0500 - 0600,2,159,1,9,5
6/4/2017,0600 - 0700,9,265,1,14,11
6/4/2017,0700 - 0800,9,322,1,14,22
6/4/2017,0800 - 0900,16,485,2,12,12
6/4/2017,0900 - 1000,36,886,4,12,19
6/4/2017,1000 - 1100,13,358,3,11,10
6/4/2017,1100 - 1200,26,708,4,25,19
6/4/2017,1200 - 1300,39,1201,5,31,7
6/4/2017,1300 - 1400,72,1893,10,33,11
6/4/2017,1400 - 1500,71,2031,9,31,9
6/4/2017,1500 - 1600,76,1725,8,26,12
6/4/2017,1600 - 1700,50,1373,7,23,13
6/4/2017,1700 - 1800,60,1411,7,25,15
6/4/2017,1800 - 1900,63,1569,7,24,10
6/4/2017,1900 - 2000,53,1488,7,23,8
6/4/2017,2000 - 2100,7,166,1,14,9
6/4/2017,2200 - 2300,4,119,1,8,9
6/5/2017,0000 - 0100,13,395,3,10,13
6/5/2017,0400 - 0500,4,103,1,5,4
6/5/2017,0500 - 0600,10,315,1,11,27
6/5/2017,0600 - 0700,5,191,1,13,12
6/5/2017,0800 - 0900,13,469,2,10,12
6/5/2017,0900 - 1000,24,839,5,12,21
6/5/2017,1000 - 1100,12,308,3,11,20
6/5/2017,1100 - 1200,36,807,5,21,20
6/5/2017,1200 - 1300,29,754,4,26,14
6/5/2017,1300 - 1400,76,1887,10,29,15
6/5/2017,1400 - 1500,75,1967,9,28,14
6/5/2017,1500 - 1600,46,1426,7,29,16
6/5/2017,1600 - 1700,40,1059,6,24,16
6/5/2017,1700 - 1800,24,709,3,21,17
6/5/2017,1800 - 1900,69,1890,9,19,15
6/5/2017,1900 - 2000,47,1251,6,22,19
6/5/2017,2000 - 2100,11,320,2,15,9
6/5/2017,2200 - 2300,7,138,1,10,11
6/6/2017,0000 - 0100,13,357,3,10,12
6/6/2017,0400 - 0500,4,129,1,3,4
6/6/2017,0600 - 0700,11,342,1,9,32
6/6/2017,0700 - 0800,6,124,1,8,19
6/6/2017,0800 - 0900,6,232,1,7,12
6/6/2017,0900 - 1000,10,303,2,7,11
6/6/2017,1000 - 1100,24,583,5,12,30
6/6/2017,1100 - 1200,33,618,3,11,11
6/6/2017,1200 - 1300,29,782,4,23,16
6/6/2017,1300 - 1400,81,2060,12,24,16
6/6/2017,1400 - 1500,56,1401,8,18,14
6/6/2017,1500 - 1600,98,2036,11,27,17
6/6/2017,1600 - 1700,30,781,4,31,8
6/6/2017,1700 - 1800,31,990,5,17,8
6/6/2017,1800 - 1900,54,1172,6,17,19
6/6/2017,1900 - 2000,38,1136,6,21,11
6/6/2017,2000 - 2100,6,153,1,8,9
6/6/2017,2200 - 2300,8,143,1,7,11
6/6/2017,2300 - 0000,9,195,2,9,8
6/7/2017,0000 - 0100,11,229,2,9,11
6/7/2017,0400 - 0500,3,132,1,5,5
6/7/2017,0600 - 0700,14,402,2,12,24
6/7/2017,0800 - 0900,3,204,1,12,6
6/7/2017,0900 - 1000,28,710,5,13,17
6/7/2017,1000 - 1100,4,166,1,12,8
6/7/2017,1100 - 1200,23,587,4,15,12
6/7/2017,1200 - 1300,54,1078,7,29,17
6/7/2017,1300 - 1400,74,1747,9,26,19
6/7/2017,1400 - 1500,61,1336,8,18,18
6/7/2017,1500 - 1600,97,1944,9,25,20
6/7/2017,1600 - 1700,78,983,6,25,15
6/7/2017,1700 - 1800,54,1123,7,16,15
6/7/2017,1800 - 1900,38,976,5,17,16
6/7/2017,1900 - 2000,33,934,5,18,18
6/7/2017,2000 - 2100,5,171,1,7,11
6/7/2017,2100 - 2200,6,138,1,10,5
6/7/2017,2200 - 2300,7,106,1,12,5
6/7/2017,2300 - 0000,10,210,2,12,10
6/8/2017,0000 - 0100,4,191,2,10,18
6/8/2017,0400 - 0500,6,177,1,3,5
6/8/2017,0600 - 0700,15,448,2,12,21
6/8/2017,0800 - 0900,8,210,1,11,7
6/8/2017,0900 - 1000,54,738,4,12,21
6/8/2017,1000 - 1100,19,540,4,13,30
6/8/2017,1100 - 1200,16,530,4,18,15
6/8/2017,1200 - 1300,61,1115,6,20,10
6/8/2017,1300 - 1400,64,1544,9,25,15
6/8/2017,1400 - 1500,79,1870,10,26,19
6/8/2017,1500 - 1600,84,1828,9,31,12
6/8/2017,1600 - 1700,37,1058,7,22,8
6/8/2017,1700 - 1800,58,1458,7,22,11
6/8/2017,1800 - 1900,55,1344,7,18,11
6/8/2017,1900 - 2000,46,1182,6,19,20
6/8/2017,2000 - 2100,5,185,1,14,8
6/8/2017,2200 - 2300,6,134,1,8,8
6/8/2017,2300 - 0000,6,165,2,7,7
6/9/2017,0000 - 0100,13,234,2,9,13
6/9/2017,0400 - 0500,3,151,1,5,5
6/9/2017,0500 - 0600,6,136,1,9,18
6/9/2017,0600 - 0700,15,496,2,12,22
6/9/2017,0800 - 0900,11,391,2,9,12
6/9/2017,0900 - 1000,21,677,3,13,26
6/9/2017,1000 - 1100,17,454,4,17,23
6/9/2017,1100 - 1200,28,669,4,20,13
6/9/2017,1200 - 1300,33,858,4,25,14
6/9/2017,1300 - 1400,106,2370,13,25,12
6/9/2017,1400 - 1500,59,1373,8,27,15
6/9/2017,1500 - 1600,73,1530,7,26,22
6/9/2017,1600 - 1700,28,841,6,21,8
6/9/2017,1700 - 1800,67,1675,9,21,13
6/9/2017,1800 - 1900,60,1243,6,18,12
6/9/2017,1900 - 2000,25,692,3,17,14
6/9/2017,2000 - 2100,19,535,3,15,18
6/9/2017,2200 - 2300,24,486,3,9,14
6/10/2017,0000 - 0100,6,236,2,6,14
6/10/2017,0100 - 0200,3,99,1,5,10
6/10/2017,0400 - 0500,5,146,1,5,4
6/10/2017,0500 - 0600,6,129,1,7,11
6/10/2017,0600 - 0700,20,590,2,16,30
6/10/2017,0800 - 0900,10,446,2,12,8
6/10/2017,0900 - 1000,13,416,2,14,10
6/10/2017,1000 - 1100,37,860,5,16,17
6/10/2017,1100 - 1200,18,464,2,19,33
6/10/2017,1200 - 1300,57,1674,8,26,14
6/10/2017,1300 - 1400,76,1911,9,28,15
6/10/2017,1400 - 1500,91,2175,10,28,19
6/10/2017,1500 - 1600,68,1796,9,29,19
6/10/2017,1600 - 1700,49,1353,8,27,15
6/10/2017,1700 - 1800,60,1379,8,28,12
6/10/2017,1800 - 1900,88,2446,13,22,15
6/10/2017,1900 - 2000,50,1373,6,16,26
6/10/2017,2000 - 2100,15,397,2,10,31
6/10/2017,2200 - 2300,7,132,1,10,8
6/10/2017,2300 - 0000,4,138,1,10,8
6/11/2017,0000 - 0100,14,359,3,10,16
6/11/2017,0400 - 0500,5,224,2,9,7
6/11/2017,0500 - 0600,5,145,1,8,9
6/11/2017,0600 - 0700,9,268,1,13,18
6/11/2017,0800 - 0900,9,327,1,12,19
6/11/2017,0900 - 1000,34,950,4,17,30
6/11/2017,1000 - 1100,26,662,5,16,23
6/11/2017,1100 - 1200,19,515,3,17,16
6/11/2017,1200 - 1300,46,1133,5,27,11
6/11/2017,1300 - 1400,96,2556,12,32,15
6/11/2017,1400 - 1500,57,1486,7,31,11
6/11/2017,1500 - 1600,61,1642,7,22,16
6/11/2017,1600 - 1700,57,1593,8,28,15
6/11/2017,1700 - 1800,39,952,5,18,13
6/11/2017,1800 - 1900,88,2260,10,21,14
6/11/2017,1900 - 2000,39,1334,6,17,13
6/11/2017,2000 - 2100,7,225,1,15,10
6/11/2017,2200 - 2300,10,187,2,8,8
6/11/2017,2300 - 0000,6,155,2,9,10
6/12/2017,0000 - 0100,9,240,2,9,11
6/12/2017,0400 - 0500,5,117,1,5,4
6/12/2017,0600 - 0700,3,132,1,12,5
6/12/2017,0700 - 0800,11,322,1,13,22
6/12/2017,0800 - 0900,12,238,1,10,9
6/12/2017,0900 - 1000,20,699,3,13,22
6/12/2017,1000 - 1100,28,778,6,14,27
6/12/2017,1100 - 1200,14,338,2,17,17
6/12/2017,1200 - 1300,32,870,5,17,12
6/12/2017,1300 - 1400,74,2239,11,25,14
6/12/2017,1400 - 1500,84,2189,10,31,19
6/12/2017,1500 - 1600,34,1123,5,22,19
6/12/2017,1600 - 1700,49,1475,8,31,16
6/12/2017,1700 - 1800,49,1437,7,26,15
6/12/2017,1800 - 1900,76,2035,10,25,15
6/12/2017,1900 - 2000,39,1146,5,23,19
6/12/2017,2000 - 2100,10,201,1,6,8
6/12/2017,2200 - 2300,5,140,1,7,9
6/13/2017,0000 - 0100,12,344,3,9,13
6/13/2017,0400 - 0500,3,134,1,6,3
6/13/2017,0600 - 0700,4,139,1,10,7
6/13/2017,0700 - 0800,14,280,1,12,31
6/13/2017,0800 - 0900,8,244,1,11,8
6/13/2017,0900 - 1000,19,498,3,12,9
6/13/2017,1000 - 1100,22,598,4,14,22
6/13/2017,1100 - 1200,20,607,3,11,6
6/13/2017,1200 - 1300,52,597,3,27,10
6/13/2017,1300 - 1400,91,2068,12,30,13
6/13/2017,1400 - 1500,77,1660,9,25,16
6/13/2017,1500 - 1600,60,1282,7,25,11
6/13/2017,1600 - 1700,39,932,6,25,12
6/13/2017,1700 - 1800,74,1754,10,25,18
6/13/2017,1800 - 1900,53,1237,7,19,23
6/13/2017,1900 - 2000,35,1004,4,19,14
6/13/2017,2000 - 2100,8,183,1,7,27
6/13/2017,2300 - 0000,11,203,2,7,14
6/14/2017,0000 - 0100,9,367,3,9,9
6/14/2017,0500 - 0600,4,126,1,5,5
6/14/2017,0600 - 0700,20,461,2,11,20
6/14/2017,0800 - 0900,15,435,2,6,10
6/14/2017,0900 - 1000,24,734,4,12,15
6/14/2017,1000 - 1100,6,171,2,9,18
6/14/2017,1100 - 1200,13,495,3,13,10
6/14/2017,1200 - 1300,114,1911,11,28,14
6/14/2017,1300 - 1400,52,1460,7,31,21
6/14/2017,1400 - 1500,98,2214,10,29,19
6/14/2017,1500 - 1600,26,783,5,26,13
6/14/2017,1600 - 1700,17,173,2,22,6
6/14/2017,1700 - 1800,10,228,1,13,7
6/14/2017,1800 - 1900,275,1441,8,20,12
6/14/2017,1900 - 2000,77,1993,9,25,19
6/14/2017,2000 - 2100,21,603,3,17,20
6/14/2017,2100 - 2200,18,398,3,21,9
6/14/2017,2200 - 2300,33,561,2,22,12
6/14/2017,2300 - 0000,9,157,1,9,27
6/15/2017,0000 - 0100,6,109,1,9,12
6/15/2017,0100 - 0200,5,87,1,8,10
6/15/2017,0200 - 0300,5,124,1,6,9
6/15/2017,0400 - 0500,5,246,2,7,8
6/15/2017,0600 - 0700,25,587,2,11,30
6/15/2017,0800 - 0900,15,462,2,12,6
6/15/2017,0900 - 1000,16,429,3,11,10
6/15/2017,1000 - 1100,22,560,3,10,10
6/15/2017,1100 - 1200,14,461,3,19,19
6/15/2017,1200 - 1300,42,706,4,24,8
6/15/2017,1300 - 1400,135,2610,12,23,23
6/15/2017,1400 - 1500,57,1533,7,24,16
6/15/2017,1500 - 1600,70,1765,7,18,24
6/15/2017,1600 - 1700,71,1960,11,21,26
6/15/2017,1700 - 1800,54,1189,6,19,18
6/15/2017,1800 - 1900,40,1007,5,17,27
6/15/2017,1900 - 2000,46,1344,6,24,32
6/15/2017,2000 - 2100,23,720,4,18,23
6/15/2017,2300 - 0000,12,224,2,8,13
6/16/2017,0000 - 0100,18,362,3,10,21
6/16/2017,0400 - 0500,4,140,1,7,12
6/16/2017,0500 - 0600,6,144,1,7,4
6/16/2017,0600 - 0700,5,261,1,12,9
6/16/2017,0700 - 0800,13,335,1,13,26
6/16/2017,0800 - 0900,14,382,2,9,8
6/16/2017,0900 - 1000,8,246,1,14,14
6/16/2017,1000 - 1100,48,1075,7,16,20
6/16/2017,1100 - 1200,5,143,1,15,28
6/16/2017,1200 - 1300,56,1329,7,25,23
6/16/2017,1300 - 1400,96,2114,11,32,44
6/16/2017,1400 - 1500,73,1768,9,24,28
6/16/2017,1500 - 1600,62,1517,6,26,30
6/16/2017,1600 - 1700,68,1719,9,22,18
6/16/2017,1700 - 1800,47,1244,6,22,15
6/16/2017,1800 - 1900,34,672,4,13,19
6/16/2017,1900 - 2000,83,2141,8,22,28
6/16/2017,2000 - 2100,18,383,3,19,30
6/16/2017,2300 - 0000,6,144,1,11,8
6/17/2017,0000 - 0100,16,426,3,8,19
6/17/2017,0100 - 0200,6,172,1,10,10
6/17/2017,0400 - 0500,6,138,1,5,34
6/17/2017,0500 - 0600,4,124,1,8,4
6/17/2017,0600 - 0700,6,183,1,11,13
6/17/2017,0700 - 0800,12,337,1,13,24
6/17/2017,0900 - 1000,11,431,2,13,15
6/17/2017,1000 - 1100,48,1107,6,15,20
6/17/2017,1100 - 1200,23,542,3,21,23
6/17/2017,1200 - 1300,27,763,4,23,15
6/17/2017,1300 - 1400,95,2338,11,30,14
6/17/2017,1400 - 1500,110,3138,14,30,22
6/17/2017,1500 - 1600,48,1174,5,22,10
6/17/2017,1600 - 1700,67,1820,9,27,24
6/17/2017,1700 - 1800,32,881,6,11,12
6/17/2017,1800 - 1900,85,2250,11,25,12
6/17/2017,1900 - 2000,73,1864,9,21,17
6/17/2017,2000 - 2100,29,792,4,16,12
6/17/2017,2200 - 2300,6,134,1,9,36
6/17/2017,2300 - 0000,6,185,1,8,11
6/18/2017,0000 - 0100,9,265,2,9,10
6/18/2017,0100 - 0200,5,154,1,9,9
6/18/2017,0400 - 0500,5,145,1,6,5
6/18/2017,0500 - 0600,6,148,1,8,8
6/18/2017,0600 - 0700,10,332,1,14,16
6/18/2017,0700 - 0800,7,224,1,14,16
6/18/2017,0800 - 0900,8,244,1,13,7
6/18/2017,0900 - 1000,6,186,1,16,15
6/18/2017,1000 - 1100,46,1119,6,21,20
6/18/2017,1100 - 1200,20,507,3,16,16
6/18/2017,1200 - 1300,58,1522,7,32,15
6/18/2017,1300 - 1400,64,1509,7,29,11
6/18/2017,1400 - 1500,68,1754,8,25,11
6/18/2017,1500 - 1600,92,2248,10,33,16
6/18/2017,1600 - 1700,80,1800,9,23,20
6/18/2017,1700 - 1800,45,1042,5,19,13
6/18/2017,1800 - 1900,73,1861,10,18,12
6/18/2017,1900 - 2000,74,1867,7,24,22
6/18/2017,2000 - 2100,19,478,2,17,14
6/18/2017,2200 - 2300,4,134,1,11,5
6/19/2017,0000 - 0100,12,399,3,10,4
6/19/2017,0400 - 0500,11,243,2,8,13
6/19/2017,0600 - 0700,10,327,1,14,19
6/19/2017,0700 - 0800,7,187,1,13,18
6/19/2017,0800 - 0900,17,481,2,12,10
6/19/2017,0900 - 1000,13,408,2,16,23
6/19/2017,1000 - 1100,39,749,5,18,40
6/19/2017,1100 - 1200,10,179,1,13,23
6/19/2017,1200 - 1300,32,1035,6,25,14
6/19/2017,1300 - 1400,71,2083,9,33,11
6/19/2017,1400 - 1500,84,1775,8,30,18
6/19/2017,1500 - 1600,71,1990,8,28,20
6/19/2017,1600 - 1700,37,1022,5,29,16
6/19/2017,1700 - 1800,45,1114,7,18,9
6/19/2017,1800 - 1900,61,1766,8,23,11
6/19/2017,1900 - 2000,69,1843,8,18,30
6/19/2017,2000 - 2100,12,451,2,16,39
6/19/2017,2100 - 2200,14,461,2,12,19
6/19/2017,2300 - 0000,7,123,1,9,8
6/20/2017,0000 - 0100,10,249,2,9,4
6/20/2017,0400 - 0500,18,393,3,8,11
6/20/2017,0600 - 0700,5,137,1,8,10
6/20/2017,0900 - 1000,33,946,4,15,40
6/20/2017,1000 - 1100,28,715,4,18,34
6/20/2017,1100 - 1200,9,262,2,14,18
6/20/2017,1200 - 1300,24,743,4,26,12
6/20/2017,1300 - 1400,62,1828,10,30,10
6/20/2017,1400 - 1500,53,1570,7,26,12
6/20/2017,1500 - 1600,74,2164,10,23,25
6/20/2017,1600 - 1700,54,1386,7,16,17
6/20/2017,1700 - 1800,42,1198,6,20,16
6/20/2017,1800 - 1900,69,1426,7,22,14
6/20/2017,1900 - 2000,52,1380,6,20,12
6/20/2017,2000 - 2100,24,607,3,16,13
6/20/2017,2100 - 2200,14,288,1,12,8
6/20/2017,2200 - 2300,6,110,1,10,8
6/21/2017,0000 - 0100,14,362,3,9,21
6/21/2017,0400 - 0500,5,143,1,3,13
6/21/2017,0500 - 0600,3,95,1,6,9
6/21/2017,0600 - 0700,15,484,2,15,17
6/21/2017,0800 - 0900,5,212,1,14,7
6/21/2017,0900 - 1000,25,814,4,18,19
6/21/2017,1000 - 1100,13,438,3,14,6
6/21/2017,1100 - 1200,11,306,2,13,6
6/21/2017,1200 - 1300,19,560,4,23,11
6/21/2017,1300 - 1400,68,2000,10,32,11
6/21/2017,1400 - 1500,132,2715,12,26,18
6/21/2017,1500 - 1600,54,1596,6,31,24
6/21/2017,1600 - 1700,57,1318,8,27,19
6/21/2017,1700 - 1800,39,908,5,24,22
6/21/2017,1800 - 1900,59,1388,7,24,12
6/21/2017,1900 - 2000,38,1072,4,21,7
6/21/2017,2000 - 2100,32,965,4,21,16
6/21/2017,2200 - 2300,18,518,3,11,14
6/21/2017,2300 - 0000,3,143,1,8,8
6/22/2017,0000 - 0100,10,242,2,6,15
6/22/2017,0400 - 0500,5,137,1,8,5
6/22/2017,0500 - 0600,3,131,1,9,12
6/22/2017,0600 - 0700,14,480,2,10,24
6/22/2017,0900 - 1000,13,497,3,11,12
6/22/2017,1000 - 1100,46,994,5,13,18
6/22/2017,1100 - 1200,15,318,2,17,13
6/22/2017,1200 - 1300,74,1184,7,23,12
6/22/2017,1300 - 1400,57,1779,9,28,10
6/22/2017,1400 - 1500,144,2256,10,32,22
6/22/2017,1500 - 1600,79,2058,9,22,22
6/22/2017,1600 - 1700,56,1566,8,23,14
6/22/2017,1700 - 1800,45,919,5,17,16
6/22/2017,1800 - 1900,60,1307,6,22,20
6/22/2017,1900 - 2000,49,1382,6,22,12
6/22/2017,2000 - 2100,30,866,4,17,12
6/22/2017,2200 - 2300,4,135,1,9,5
6/22/2017,2300 - 0000,17,320,2,7,17
6/23/2017,0000 - 0100,13,244,2,7,28
6/23/2017,0500 - 0600,10,238,2,7,11
6/23/2017,0600 - 0700,18,564,2,15,22
6/23/2017,0800 - 0900,13,394,2,12,9
6/23/2017,0900 - 1000,12,324,2,15,11
6/23/2017,1000 - 1100,40,950,5,17,11
6/23/2017,1100 - 1200,10,182,1,16,12
6/23/2017,1200 - 1300,50,1394,8,30,10
6/23/2017,1300 - 1400,76,1706,8,31,13
6/23/2017,1400 - 1500,118,2768,12,26,18
6/23/2017,1500 - 1600,52,1490,7,28,15
6/23/2017,1600 - 1700,49,1596,7,26,9
6/23/2017,1700 - 1800,24,601,3,22,13
6/23/2017,1800 - 1900,50,1325,6,21,10
6/23/2017,1900 - 2000,73,1902,7,23,14
6/23/2017,2000 - 2100,31,941,5,20,13
6/23/2017,2200 - 2300,5,143,1,7,7
6/23/2017,2300 - 0000,7,153,1,8,11
6/24/2017,0000 - 0100,8,267,2,8,15
6/24/2017,0500 - 0600,8,267,2,7,6
6/24/2017,0600 - 0700,12,335,1,13,26
6/24/2017,0700 - 0800,8,262,1,12,21
6/24/2017,0800 - 0900,13,417,2,11,11
6/24/2017,0900 - 1000,15,461,2,13,18
6/24/2017,1000 - 1100,39,886,5,12,22
6/24/2017,1100 - 1200,14,346,2,19,13
6/24/2017,1200 - 1300,47,1325,7,28,15
6/24/2017,1300 - 1400,114,2865,13,29,15
6/24/2017,1400 - 1500,87,2160,9,31,19
6/24/2017,1500 - 1600,68,1790,8,26,11
6/24/2017,1600 - 1700,60,1415,8,23,12
6/24/2017,1700 - 1800,49,1381,8,18,13
6/24/2017,1800 - 1900,97,2683,12,21,11
6/24/2017,1900 - 2000,58,1546,7,17,14
6/24/2017,2000 - 2100,17,439,2,18,19
6/24/2017,2200 - 2300,4,135,1,5,7
6/24/2017,2300 - 0000,10,327,2,8,11
6/25/2017,0000 - 0100,10,333,2,8,10
6/25/2017,0400 - 0500,4,134,1,4,7
6/25/2017,0500 - 0600,4,131,1,9,9
6/25/2017,0600 - 0700,5,269,1,13,14
6/25/2017,0800 - 0900,28,804,3,11,24
6/25/2017,0900 - 1000,27,704,4,14,49
6/25/2017,1000 - 1100,26,573,3,13,23
6/25/2017,1100 - 1200,34,715,4,24,18
6/25/2017,1200 - 1300,34,1107,5,26,14
6/25/2017,1300 - 1400,84,2505,11,28,15
6/25/2017,1400 - 1500,80,2036,9,24,16
6/25/2017,1500 - 1600,22,539,3,25,8
6/25/2017,1600 - 1700,72,1975,9,31,14
6/25/2017,1700 - 1800,77,2331,11,32,11
6/25/2017,1800 - 1900,57,1540,6,25,13
6/25/2017,1900 - 2000,43,1385,6,30,14
6/25/2017,2000 - 2100,6,170,1,12,2
6/25/2017,2300 - 0000,8,147,1,12,7
6/26/2017,0000 - 0100,9,292,2,10,7
6/26/2017,0100 - 0200,7,157,1,8,4
6/26/2017,0400 - 0500,4,130,1,3,4
6/26/2017,0500 - 0600,4,101,1,7,9
6/26/2017,0600 - 0700,9,310,1,12,49
6/26/2017,0800 - 0900,23,715,3,11,33
6/26/2017,0900 - 1000,15,440,2,14,42
6/26/2017,1000 - 1100,40,932,6,21,44
6/26/2017,1100 - 1200,6,260,1,22,15
6/26/2017,1200 - 1300,34,953,5,24,25
6/26/2017,1300 - 1400,107,2873,12,28,27
6/26/2017,1400 - 1500,68,1896,9,28,53
6/26/2017,1500 - 1600,77,2152,8,26,63
6/26/2017,1600 - 1700,34,546,4,9,19
6/26/2017,1700 - 1800,111,1767,9,32,40
6/26/2017,1800 - 1900,89,1934,9,21,30
6/26/2017,1900 - 2000,29,801,5,25,34
6/26/2017,2000 - 2100,32,907,3,27,39
6/26/2017,2300 - 0000,5,147,1,9,8
6/27/2017,0000 - 0100,15,415,3,8,9
6/27/2017,0400 - 0500,3,139,1,8,4
6/27/2017,0500 - 0600,4,157,1,8,6
6/27/2017,0600 - 0700,9,318,1,11,28
6/27/2017,0700 - 0800,9,267,1,11,44
6/27/2017,0800 - 0900,14,467,2,10,11
6/27/2017,0900 - 1000,32,844,4,14,32
6/27/2017,1000 - 1100,15,308,3,12,20
6/27/2017,1100 - 1200,24,424,2,16,10
6/27/2017,1200 - 1300,55,1590,8,24,16
6/27/2017,1300 - 1400,87,2139,11,30,16
6/27/2017,1400 - 1500,64,1698,7,30,13
6/27/2017,1500 - 1600,50,1584,6,32,11
6/27/2017,1600 - 1700,40,1085,6,32,21
6/27/2017,1700 - 1800,63,1704,8,29,13
6/27/2017,1800 - 1900,54,1518,7,25,15
6/27/2017,1900 - 2000,42,1128,5,24,10
6/27/2017,2000 - 2100,10,333,2,16,6
6/27/2017,2200 - 2300,7,154,1,10,10
6/27/2017,2300 - 0000,3,197,1,11,9
6/28/2017,0000 - 0100,13,284,2,12,10
6/28/2017,0100 - 0200,3,183,1,8,10
6/28/2017,0500 - 0600,14,299,2,6,9
6/28/2017,0600 - 0700,17,576,2,11,24
6/28/2017,0800 - 0900,7,243,1,7,8
6/28/2017,0900 - 1000,42,916,4,14,23
6/28/2017,1000 - 1100,16,661,4,15,29
6/28/2017,1100 - 1200,8,253,1,17,16
6/28/2017,1200 - 1300,45,1247,6,19,14
6/28/2017,1300 - 1400,91,2353,11,27,26
6/28/2017,1400 - 1500,84,2459,10,29,32
6/28/2017,1500 - 1600,64,1886,8,31,41
6/28/2017,1600 - 1700,27,860,4,25,33
6/28/2017,1700 - 1800,86,2016,10,25,35
6/28/2017,1800 - 1900,34,966,6,22,20
6/28/2017,1900 - 2000,47,1258,5,19,25
6/28/2017,2000 - 2100,19,596,2,14,13
6/28/2017,2300 - 0000,14,305,2,10,11
6/29/2017,0000 - 0100,6,167,2,11,22
6/29/2017,0100 - 0200,14,307,2,11,20
6/29/2017,0400 - 0500,4,141,1,6,4
6/29/2017,0500 - 0600,4,154,1,6,8
6/29/2017,0600 - 0700,9,268,1,10,16
6/29/2017,0800 - 0900,22,564,2,11,51
6/29/2017,0900 - 1000,56,1307,6,16,38
6/29/2017,1000 - 1100,12,264,2,12,26
6/29/2017,1100 - 1200,5,174,1,13,35
6/29/2017,1200 - 1300,61,1413,7,23,23
6/29/2017,1300 - 1400,101,2374,11,26,33
6/29/2017,1400 - 1500,115,2986,12,27,46
6/29/2017,1500 - 1600,51,1327,5,31,47
6/29/2017,1600 - 1700,48,1184,7,26,32
6/29/2017,1700 - 1800,58,1242,6,28,30
6/29/2017,1800 - 1900,85,2064,9,22,18
6/29/2017,1900 - 2000,29,977,4,20,18
6/29/2017,2100 - 2200,10,292,1,13,14
6/29/2017,2200 - 2300,7,223,1,9,8
6/29/2017,2300 - 0000,11,225,1,11,13
6/30/2017,0000 - 0100,17,460,3,11,20
6/30/2017,0100 - 0200,8,141,1,8,11
6/30/2017,0400 - 0500,6,148,1,6,4
6/30/2017,0600 - 0700,9,425,2,11,9
6/30/2017,0700 - 0800,12,320,1,12,25
6/30/2017,0800 - 0900,5,230,1,11,16
6/30/2017,0900 - 1000,32,797,4,13,20
6/30/2017,1000 - 1100,43,968,5,13,22
6/30/2017,1100 - 1200,14,445,2,17,11
6/30/2017,1200 - 1300,28,676,3,36,12
6/30/2017,1300 - 1400,133,3221,14,33,15
6/30/2017,1400 - 1500,71,1815,7,33,27
6/30/2017,1500 - 1600,61,1825,7,30,34
6/30/2017,1600 - 1700,53,1266,8,24,22
6/30/2017,1700 - 1800,42,1324,7,28,11
6/30/2017,1800 - 1900,38,1152,5,26,13
6/30/2017,1900 - 2000,62,1798,7,24,18
6/30/2017,2000 - 2100,27,717,3,12,16
6/30/2017,2100 - 2200,7,285,1,12,22
6/30/2017,2200 - 2300,8,175,1,12,11
6/30/2017,2300 - 0000,7,319,2,12,12
